{
    "AWS_BUCKET": "www.gdnmobilelab.com",
    "AWS_ROOT_PATH": "primaries",
    "AWS_ACL": "public-read",
    "AWS_ACCESS_KEY_ID": "AKIAIYEVZMZW357XWWNA",
    "AWS_SECRET_ACCESS_KEY": "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",
    "CLIENT_SAFE": {
        "pushy": {
            "API_HOST": "https://api.gdnmobilelab.com/pushy",
            "API_KEY": "2CnyXBFtVr6SNtpFFD077r3D04qYgjDaa3dON815"
        },
        "ballot": {
            "API_KEY": "su5629YFHA52295Bq0tW36g9E4SO3U09",
            "API_HOST": "https://polls.gdnmobilelab.com"
        },
        "GA_ID": "UA-77348538-3",
        "TOPIC_ID": "olympics_notifications"
    }
}