{
    "AWS_BUCKET": "www.stg.gdnmobilelab.com",
    "AWS_ROOT_PATH": "primaries",
    "AWS_ACL": "private",
    "AWS_ACCESS_KEY_ID": "AKIAIAWXCLMI22LXTBPQ",
    "AWS_SECRET_ACCESS_KEY": "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",
    "CLIENT_SAFE": {
        "pushy": {
            "API_HOST": "https://api.stg.gdnmobilelab.com/pushy",
            "API_KEY": "pRfXUyFWX288ItLoJEWTD116sqTgZ17tacrLMIzH"
        },
        "ballot": {
            "API_KEY": "vb26C4Yb8Pn03jHrh0MWKbIarGob6J7w",
            "API_HOST": "https://polls.stg.gdnmobilelab.com"
        },
        "GA_ID": "UA-77348538-2",
        "TOPIC_ID": "olympics_notifications"
    }
}